{
	"textures": {
		"top": "block/acacia_door_top2",
		"side": "block/acacia_door_sides",
		"particle": "block/acacia_door_top",
		"topright": "block/acacia_door_top"
	},
	"elements": [
		{
			"from": [0, 0, 0],
			"to": [3, 16, 3],
			"faces": {
				"north": {"uv": [13, 0, 16, 16], "texture": "#side"},
				"east": {"uv": [13, 0, 16, 16], "texture": "#topright"},
				"south": {"uv": [6, 0, 9, 16], "texture": "#side"},
				"west": {"uv": [0, 0, 3, 16], "texture": "#top"},
				"up": {"uv": [6, 0, 9, 3], "texture": "#side"}
			}
		},
		{
			"from": [0, 0, 13],
			"to": [3, 16, 16],
			"rotation": {"angle": 0, "axis": "y", "origin": [8, 8, 21]},
			"faces": {
				"north": {"uv": [6, 0, 9, 16], "texture": "#side"},
				"east": {"uv": [0, 0, 3, 16], "texture": "#topright"},
				"south": {"uv": [3, 0, 6, 16], "texture": "#side"},
				"west": {"uv": [13, 0, 16, 16], "texture": "#top"},
				"up": {"uv": [6, 13, 9, 16], "texture": "#side"}
			}
		},
		{
			"from": [0, 1, 5],
			"to": [3, 13, 7],
			"rotation": {"angle": 0, "axis": "y", "origin": [8, 9, 13]},
			"faces": {
				"north": {"uv": [6, 2, 9, 14], "texture": "#side"},
				"east": {"uv": [9, 3, 11, 15], "texture": "#topright"},
				"south": {"uv": [6, 2, 9, 14], "texture": "#side"},
				"west": {"uv": [5, 2, 7, 14], "texture": "#top"}
			}
		},
		{
			"from": [0, 1, 9],
			"to": [3, 13, 11],
			"rotation": {"angle": 0, "axis": "y", "origin": [8, 9, 17]},
			"faces": {
				"north": {"uv": [6, 2, 9, 14], "texture": "#side"},
				"east": {"uv": [5, 3, 7, 15], "texture": "#topright"},
				"south": {"uv": [6, 2, 9, 14], "texture": "#side"},
				"west": {"uv": [9, 3, 11, 15], "texture": "#top"}
			}
		},
		{
			"from": [0, 0, 3],
			"to": [3, 1, 13],
			"rotation": {"angle": 0, "axis": "y", "origin": [8, 8, 11]},
			"faces": {
				"east": {"uv": [3, 15, 13, 16], "texture": "#topright"},
				"west": {"uv": [3, 15, 13, 16], "texture": "#top"},
				"up": {"uv": [6, 3, 9, 13], "texture": "#side"}
			}
		},
		{
			"from": [0, 13, 3],
			"to": [3, 16, 13],
			"rotation": {"angle": 0, "axis": "y", "origin": [8, 21, 11]},
			"faces": {
				"east": {"uv": [3, 0, 13, 3], "texture": "#topright"},
				"west": {"uv": [3, 0, 13, 3], "texture": "#top"},
				"up": {"uv": [6, 3, 9, 13], "texture": "#side"},
				"down": {"uv": [6, 3, 9, 13], "texture": "#side"}
			}
		}
	]
}