{
	"credit": "Made/edited by RyanGar46",
	"ambientocclusion": false,
	"textures": {
		"powered_rail": "block/powered_rail",
		"particle": "3d/rails/rail_powered",
		"rail_powered_3d": "3d/rails/rail_powered"
	},
	"elements": [
		{
			"name": "Cube",
			"from": [1, 0, 13],
			"to": [15, 1, 15],
			"faces": {
				"north": {"uv": [7, 16, 6, 2], "rotation": 90, "texture": "#rail_powered_3d"},
				"east": {"uv": [6, 2, 8, 3], "rotation": 180, "texture": "#rail_powered_3d"},
				"south": {"uv": [7, 16, 8, 2], "rotation": 270, "texture": "#rail_powered_3d"},
				"west": {"uv": [8, 2, 6, 3], "rotation": 180, "texture": "#rail_powered_3d"},
				"up": {"uv": [6, 2, 8, 16], "rotation": 90, "texture": "#rail_powered_3d"},
				"down": {"uv": [6, 2, 8, 16], "rotation": 90, "texture": "#rail_powered_3d", "cullface": "down"}
			}
		},
		{
			"name": "Cube",
			"from": [2, 1, 0],
			"to": [4, 2, 16],
			"faces": {
				"north": {"uv": [0, 0, 2, 1], "rotation": 180, "texture": "#rail_powered_3d", "cullface": "north"},
				"east": {"uv": [3, 0, 2, 16], "rotation": 90, "texture": "#rail_powered_3d"},
				"south": {"uv": [0, 0, 2, 1], "texture": "#rail_powered_3d", "cullface": "south"},
				"west": {"uv": [4, 16, 3, 0], "rotation": 90, "texture": "#rail_powered_3d"},
				"up": {"uv": [4, 0, 2, 16], "texture": "#rail_powered_3d"},
				"down": {"uv": [2, 16, 4, 0], "texture": "#rail_powered_3d"}
			}
		},
		{
			"name": "Cube",
			"from": [12, 1, 0],
			"to": [14, 2, 16],
			"faces": {
				"north": {"uv": [0, 0, 2, 1], "texture": "#rail_powered_3d", "cullface": "north"},
				"east": {"uv": [0, 16, 1, 0], "rotation": 270, "texture": "#rail_powered_3d"},
				"south": {"uv": [0, 0, 2, 1], "rotation": 180, "texture": "#rail_powered_3d", "cullface": "south"},
				"west": {"uv": [2, 16, 1, 0], "rotation": 90, "texture": "#rail_powered_3d"},
				"up": {"uv": [0, 16, 2, 0], "rotation": 180, "texture": "#rail_powered_3d"},
				"down": {"uv": [0, 16, 2, 0], "texture": "#rail_powered_3d"}
			}
		},
		{
			"name": "Cube",
			"from": [7, 0, 3],
			"to": [9, 1, 5],
			"faces": {
				"east": {"uv": [8, 3, 9, 5], "rotation": 90, "texture": "#powered_rail"},
				"west": {"uv": [7, 3, 8, 5], "rotation": 270, "texture": "#powered_rail"},
				"up": {"uv": [7, 3, 9, 5], "texture": "#powered_rail"},
				"down": {"uv": [7, 3, 9, 5], "texture": "#powered_rail", "cullface": "down"}
			}
		},
		{
			"name": "Cube",
			"from": [7, 0, 7],
			"to": [9, 1, 9],
			"faces": {
				"east": {"uv": [8, 3, 9, 5], "rotation": 90, "texture": "#powered_rail"},
				"west": {"uv": [7, 3, 8, 5], "rotation": 270, "texture": "#powered_rail"},
				"up": {"uv": [7, 3, 9, 5], "texture": "#powered_rail"},
				"down": {"uv": [7, 3, 9, 5], "texture": "#powered_rail", "cullface": "down"}
			}
		},
		{
			"name": "Cube",
			"from": [7, 0, 11],
			"to": [9, 1, 13],
			"faces": {
				"east": {"uv": [8, 3, 9, 5], "rotation": 90, "texture": "#powered_rail"},
				"west": {"uv": [7, 3, 8, 5], "rotation": 270, "texture": "#powered_rail"},
				"up": {"uv": [7, 3, 9, 5], "texture": "#powered_rail"},
				"down": {"uv": [7, 3, 9, 5], "texture": "#powered_rail", "cullface": "down"}
			}
		},
		{
			"name": "Cube",
			"from": [1, 0, 9],
			"to": [15, 1, 11],
			"faces": {
				"north": {"uv": [7, 16, 6, 2], "rotation": 90, "texture": "#rail_powered_3d"},
				"east": {"uv": [6, 2, 8, 3], "rotation": 180, "texture": "#rail_powered_3d"},
				"south": {"uv": [7, 16, 8, 2], "rotation": 270, "texture": "#rail_powered_3d"},
				"west": {"uv": [8, 2, 6, 3], "rotation": 180, "texture": "#rail_powered_3d"},
				"up": {"uv": [6, 2, 8, 16], "rotation": 90, "texture": "#rail_powered_3d"},
				"down": {"uv": [6, 2, 8, 16], "rotation": 90, "texture": "#rail_powered_3d", "cullface": "down"}
			}
		},
		{
			"name": "Cube",
			"from": [1, 0, 5],
			"to": [15, 1, 7],
			"faces": {
				"north": {"uv": [7, 16, 6, 2], "rotation": 90, "texture": "#rail_powered_3d"},
				"east": {"uv": [6, 2, 8, 3], "rotation": 180, "texture": "#rail_powered_3d"},
				"south": {"uv": [7, 16, 8, 2], "rotation": 270, "texture": "#rail_powered_3d"},
				"west": {"uv": [8, 2, 6, 3], "rotation": 180, "texture": "#rail_powered_3d"},
				"up": {"uv": [6, 2, 8, 16], "rotation": 90, "texture": "#rail_powered_3d"},
				"down": {"uv": [6, 2, 8, 16], "rotation": 90, "texture": "#rail_powered_3d", "cullface": "down"}
			}
		},
		{
			"name": "Cube",
			"from": [1, 0, 1],
			"to": [15, 1, 3],
			"faces": {
				"north": {"uv": [7, 16, 6, 2], "rotation": 90, "texture": "#rail_powered_3d"},
				"east": {"uv": [6, 2, 8, 3], "rotation": 180, "texture": "#rail_powered_3d"},
				"south": {"uv": [7, 16, 8, 2], "rotation": 270, "texture": "#rail_powered_3d"},
				"west": {"uv": [8, 2, 6, 3], "rotation": 180, "texture": "#rail_powered_3d"},
				"up": {"uv": [6, 2, 8, 16], "rotation": 90, "texture": "#rail_powered_3d"},
				"down": {"uv": [6, 2, 8, 16], "rotation": 90, "texture": "#rail_powered_3d", "cullface": "down"}
			}
		}
	],
	"display": {
		"thirdperson_righthand": {
			"rotation": [96, 0, 0],
			"translation": [0, 2.5, 4.5],
			"scale": [0.36, 0.36, 0.36]
		},
		"thirdperson_lefthand": {
			"rotation": [96, 0, 0],
			"translation": [0, 2.5, 4.5],
			"scale": [0.36, 0.36, 0.36]
		},
		"firstperson_righthand": {
			"rotation": [69.5, 0, 74.5],
			"translation": [-1.37, 2.2, -2.12],
			"scale": [0.68, 0.68, 0.68]
		},
		"firstperson_lefthand": {
			"rotation": [69.5, 0, 0],
			"translation": [1.63, 3.2, 3.63],
			"scale": [0.68, 0.68, 0.68]
		},
		"ground": {
			"translation": [0, 3, 0],
			"scale": [0.25, 0.25, 0.25]
		},
		"gui": {
			"rotation": [30, 225, 0],
			"scale": [0.625, 0.625, 0.625]
		},
		"head": {
			"rotation": [0, 180, 0]
		},
		"fixed": {
			"rotation": [-90, 0, 0],
			"translation": [0, 0, -8]
		}
	}
}