{
	"ambientocclusion": false,
	"textures": {
		"3": "block/birch_door_bottom2",
		"4": "block/birch_door_bottom",
		"5": "block/birch_door_sides",
		"particle": "#4"
	},
	"elements": [
		{
			"from": [0, 0, 0],
			"to": [3, 12, 16],
			"faces": {
				"north": {"uv": [10, 4, 13, 16], "texture": "#5"},
				"east": {"uv": [0, 4, 16, 16], "texture": "#4"},
				"south": {"uv": [0, 4, 3, 16], "texture": "#5"},
				"west": {"uv": [0, 4, 16, 16], "texture": "#3"},
				"up": {"uv": [6, 0, 9, 16], "texture": "#5"},
				"down": {"uv": [6, 0, 9, 16], "texture": "#5"}
			}
		},
		{
			"from": [0, 12, 0],
			"to": [3, 16, 3],
			"rotation": {"angle": 0, "axis": "y", "origin": [8, 20, 8]},
			"faces": {
				"north": {"uv": [10, 0, 13, 4], "texture": "#5"},
				"east": {"uv": [13, 0, 16, 4], "texture": "#4"},
				"south": {"uv": [10, 9, 13, 13], "texture": "#5"},
				"west": {"uv": [0, 0, 3, 4], "texture": "#3"}
			}
		},
		{
			"from": [0, 12, 13],
			"to": [3, 16, 16],
			"rotation": {"angle": 0, "axis": "y", "origin": [8, 20, 21]},
			"faces": {
				"north": {"uv": [10, 9, 13, 13], "texture": "#5"},
				"east": {"uv": [0, 0, 3, 4], "texture": "#4"},
				"south": {"uv": [0, 0, 3, 4], "texture": "#5"},
				"west": {"uv": [13, 0, 16, 4], "texture": "#3"}
			}
		},
		{
			"from": [1, 12, 3],
			"to": [2, 16, 13],
			"rotation": {"angle": 0, "axis": "y", "origin": [9, 20, 11]},
			"faces": {
				"east": {"uv": [3, 0, 13, 4], "texture": "#4"},
				"west": {"uv": [3, 0, 13, 4], "texture": "#3"}
			}
		}
	]
}