{
	"credit": "Made with Blockbench - Made/edited by RyanGar46",
	"parent": "block/thin_block",
	"textures": {
		"1": "block/dark_oak_trapdoor",
		"particle": "block/dark_oak_trapdoor"
	},
	"elements": [
		{
			"from": [0, 0, 0],
			"to": [16, 3, 1],
			"rotation": {"angle": 0, "axis": "y", "origin": [8, -5, 8]},
			"faces": {
				"north": {"uv": [0, 16, 16, 13], "texture": "#1", "cullface": "north"},
				"east": {"uv": [15, 13, 16, 16], "texture": "#1", "cullface": "east"},
				"south": {"uv": [0, 13, 16, 16], "texture": "#1"},
				"west": {"uv": [0, 13, 1, 16], "texture": "#1", "cullface": "west"},
				"up": {"uv": [0, 0, 16, 1], "texture": "#1"},
				"down": {"uv": [0, 15, 16, 16], "texture": "#1", "cullface": "down"}
			}
		},
		{
			"from": [0, 0, 15],
			"to": [16, 3, 16],
			"rotation": {"angle": 0, "axis": "y", "origin": [8, -5, 8]},
			"faces": {
				"north": {"uv": [0, 13, 16, 16], "texture": "#1"},
				"east": {"uv": [0, 13, 1, 16], "texture": "#1", "cullface": "east"},
				"south": {"uv": [0, 16, 16, 13], "texture": "#1", "cullface": "south"},
				"west": {"uv": [15, 13, 16, 16], "texture": "#1", "cullface": "west"},
				"up": {"uv": [0, 15, 16, 16], "texture": "#1"},
				"down": {"uv": [0, 0, 16, 1], "texture": "#1", "cullface": "down"}
			}
		},
		{
			"from": [0, 0, 1],
			"to": [1, 3, 15],
			"rotation": {"angle": 0, "axis": "y", "origin": [8, -5, 8]},
			"faces": {
				"east": {"uv": [1, 13, 15, 16], "texture": "#1"},
				"west": {"uv": [1, 16, 15, 13], "texture": "#1", "cullface": "west"},
				"up": {"uv": [0, 1, 1, 15], "texture": "#1"},
				"down": {"uv": [0, 1, 1, 15], "texture": "#1", "cullface": "down"}
			}
		},
		{
			"from": [15, 0, 1],
			"to": [16, 3, 15],
			"rotation": {"angle": 0, "axis": "y", "origin": [8, -5, 8]},
			"faces": {
				"east": {"uv": [1, 16, 15, 13], "texture": "#1", "cullface": "east"},
				"west": {"uv": [1, 13, 15, 16], "texture": "#1"},
				"up": {"uv": [15, 1, 16, 15], "texture": "#1"},
				"down": {"uv": [15, 1, 16, 15], "texture": "#1", "cullface": "down"}
			}
		},
		{
			"from": [7, 0, 1],
			"to": [9, 3, 15],
			"rotation": {"angle": 0, "axis": "y", "origin": [8, -5, 8]},
			"faces": {
				"east": {"uv": [1, 13, 15, 16], "texture": "#1"},
				"west": {"uv": [1, 13, 15, 16], "texture": "#1"},
				"up": {"uv": [7, 1, 9, 15], "texture": "#1"},
				"down": {"uv": [7, 1, 9, 15], "texture": "#1", "cullface": "down"}
			}
		},
		{
			"from": [1, 0, 7],
			"to": [7, 3, 9],
			"rotation": {"angle": 0, "axis": "y", "origin": [8, -5, 8]},
			"faces": {
				"north": {"uv": [2, 13, 8, 16], "texture": "#1"},
				"south": {"uv": [2, 13, 8, 16], "texture": "#1"},
				"up": {"uv": [1, 7, 7, 9], "texture": "#1"},
				"down": {"uv": [1, 7, 7, 9], "texture": "#1", "cullface": "down"}
			}
		},
		{
			"from": [9, 0, 7],
			"to": [15, 3, 9],
			"rotation": {"angle": 0, "axis": "y", "origin": [8, -5, 8]},
			"faces": {
				"north": {"uv": [10, 13, 16, 16], "texture": "#1"},
				"south": {"uv": [10, 13, 16, 16], "texture": "#1"},
				"up": {"uv": [9, 7, 15, 9], "texture": "#1"},
				"down": {"uv": [9, 7, 15, 9], "texture": "#1", "cullface": "down"}
			}
		},
		{
			"from": [9, 0.5, 1],
			"to": [15, 2.5, 7],
			"rotation": {"angle": 0, "axis": "y", "origin": [8, -5, 8]},
			"faces": {
				"up": {"uv": [9, 1, 15, 7], "texture": "#1"},
				"down": {"uv": [9, 9, 15, 15], "texture": "#1", "cullface": "down"}
			}
		},
		{
			"from": [1, 0.5, 1],
			"to": [7, 2.5, 7],
			"rotation": {"angle": 0, "axis": "y", "origin": [8, -5, 8]},
			"faces": {
				"up": {"uv": [1, 1, 7, 7], "texture": "#1"},
				"down": {"uv": [1, 9, 7, 15], "texture": "#1", "cullface": "down"}
			}
		},
		{
			"from": [1, 0.5, 9],
			"to": [7, 2.5, 15],
			"rotation": {"angle": 0, "axis": "y", "origin": [8, -5, 8]},
			"faces": {
				"up": {"uv": [1, 9, 7, 15], "texture": "#1"},
				"down": {"uv": [1, 1, 7, 7], "texture": "#1", "cullface": "down"}
			}
		},
		{
			"from": [9, 0.5, 9],
			"to": [15, 2.5, 15],
			"rotation": {"angle": 0, "axis": "y", "origin": [8, -5, 8]},
			"faces": {
				"up": {"uv": [9, 9, 15, 15], "texture": "#1"},
				"down": {"uv": [9, 1, 15, 7], "texture": "#1", "cullface": "down"}
			}
		}
	]
}