{
	"textures": {
        "particle": "block/iron_bars",
        "bars": "block/iron_bars"
    },
    "elements": [
        {
			"from": [ 7, 0, 7 ],
            "to": [ 9, 16, 9 ],
            "faces": {
                "down":  { "texture": "#bars" },
                "up":    { "texture": "#bars" },
                "north": { "texture": "#bars" },
                "south": { "texture": "#bars" },
                "west":  { "texture": "#bars" },
                "east":  { "texture": "#bars" }
            }
        }
    ]
}