{
	"ambientocclusion":false,
	"textures": {
		"0": "block/jungle_door_top2",
		"1": "block/jungle_door_sides",
		"2": "block/jungle_door_top",
		"particle": "block/jungle_door_top2"
	},
	"elements": [
		{
			"from": [0, 0, 0],
			"to": [3, 16, 3],
			"faces": {
				"north": {"uv": [13, 0, 16, 16], "texture": "#1"},
				"east": {"uv": [13, 0, 16, 16], "texture": "#2"},
				"south": {"uv": [10, 0, 13, 16], "texture": "#1"},
				"west": {"uv": [0, 0, 3, 16], "texture": "#0"},
				"up": {"uv": [6, 0, 9, 3], "texture": "#1"}
			}
		},
		{
			"from": [0, 0, 13],
			"to": [3, 16, 16],
			"rotation": {"angle": 0, "axis": "y", "origin": [8, 8, 21]},
			"faces": {
				"north": {"uv": [10, 0, 13, 16], "texture": "#1"},
				"east": {"uv": [0, 0, 3, 16], "texture": "#2"},
				"south": {"uv": [3, 0, 6, 16], "texture": "#1"},
				"west": {"uv": [13, 0, 16, 16], "texture": "#0"},
				"up": {"uv": [6, 13, 9, 16], "texture": "#1"}
			}
		},
		{
			"from": [0, 0, 3],
			"to": [3, 3, 13],
			"rotation": {"angle": 0, "axis": "y", "origin": [8, 8, 11]},
			"faces": {
				"east": {"uv": [3, 13, 13, 16], "texture": "#2"},
				"west": {"uv": [3, 13, 13, 16], "texture": "#0"},
				"up": {"uv": [10, 3, 13, 13], "texture": "#1"}
			}
		},
		{
			"from": [0, 13, 3],
			"to": [3, 16, 13],
			"rotation": {"angle": 0, "axis": "y", "origin": [8, 21, 11]},
			"faces": {
				"east": {"uv": [3, 0, 13, 3], "texture": "#2"},
				"west": {"uv": [3, 0, 13, 3], "texture": "#0"},
				"up": {"uv": [6, 3, 9, 13], "texture": "#1"},
				"down": {"uv": [10, 3, 13, 13], "texture": "#1"}
			}
		},
		{
			"from": [0, 3, 3],
			"to": [3, 5, 5],
			"rotation": {"angle": 0, "axis": "y", "origin": [8, 11, 11]},
			"faces": {
				"east": {"uv": [11, 11, 13, 13], "texture": "#2"},
				"south": {"uv": [10, 11, 13, 13], "texture": "#1"},
				"west": {"uv": [3, 11, 5, 13], "texture": "#0"},
				"up": {"uv": [10, 3, 13, 5], "texture": "#1"}
			}
		},
		{
			"from": [0, 3, 11],
			"to": [3, 5, 13],
			"rotation": {"angle": 0, "axis": "y", "origin": [8, 11, 19]},
			"faces": {
				"north": {"uv": [10, 11, 13, 13], "texture": "#1"},
				"east": {"uv": [3, 11, 5, 13], "texture": "#2"},
				"west": {"uv": [11, 11, 13, 13], "texture": "#0"},
				"up": {"uv": [10, 11, 13, 13], "texture": "#1"}
			}
		},
		{
			"from": [0, 11, 11],
			"to": [3, 13, 13],
			"rotation": {"angle": 0, "axis": "y", "origin": [8, 19, 19]},
			"faces": {
				"north": {"uv": [10, 3, 13, 5], "texture": "#1"},
				"east": {"uv": [3, 3, 5, 5], "texture": "#2"},
				"west": {"uv": [11, 3, 13, 5], "texture": "#0"},
				"down": {"uv": [10, 3, 13, 5], "texture": "#1"}
			}
		},
		{
			"from": [0, 11, 3],
			"to": [3, 13, 5],
			"rotation": {"angle": 0, "axis": "y", "origin": [8, 19, 11]},
			"faces": {
				"east": {"uv": [11, 3, 13, 5], "texture": "#2"},
				"south": {"uv": [10, 3, 13, 5], "texture": "#1"},
				"west": {"uv": [3, 3, 5, 5], "texture": "#0"},
				"down": {"uv": [10, 11, 13, 13], "texture": "#1"}
			}
		},
		{
			"from": [0, 10, 3],
			"to": [3, 11, 4],
			"rotation": {"angle": 0, "axis": "y", "origin": [8, 18, 11]},
			"faces": {
				"east": {"uv": [0, 0, 1, 1], "texture": "#2"},
				"south": {"uv": [10, 5, 13, 6], "texture": "#1"},
				"west": {"uv": [0, 0, 1, 1], "texture": "#0"},
				"down": {"uv": [10, 12, 13, 13], "texture": "#1"}
			}
		},
		{
			"from": [0, 10, 12],
			"to": [3, 11, 13],
			"rotation": {"angle": 0, "axis": "y", "origin": [8, 18, 20]},
			"faces": {
				"north": {"uv": [10, 5, 13, 6], "texture": "#1"},
				"east": {"uv": [0, 0, 1, 1], "texture": "#2"},
				"west": {"uv": [0, 0, 1, 1], "texture": "#0"},
				"down": {"uv": [10, 3, 13, 4], "texture": "#1"}
			}
		},
		{
			"from": [0, 12, 5],
			"to": [3, 13, 7],
			"rotation": {"angle": 0, "axis": "y", "origin": [8, 20, 13]},
			"faces": {
				"east": {"uv": [9, 3, 11, 4], "texture": "#2"},
				"south": {"uv": [10, 3, 13, 4], "texture": "#1"},
				"west": {"uv": [5, 3, 7, 4], "texture": "#0"},
				"down": {"uv": [10, 9, 13, 11], "texture": "#1"}
			}
		},
		{
			"from": [0, 12, 9],
			"to": [3, 13, 11],
			"rotation": {"angle": 0, "axis": "y", "origin": [8, 20, 17]},
			"faces": {
				"north": {"uv": [10, 3, 13, 4], "texture": "#1"},
				"east": {"uv": [5, 3, 7, 4], "texture": "#2"},
				"west": {"uv": [9, 3, 11, 4], "texture": "#0"},
				"down": {"uv": [10, 5, 13, 7], "texture": "#1"}
			}
		},
		{
			"from": [0, 3, 9],
			"to": [3, 4, 11],
			"rotation": {"angle": 0, "axis": "y", "origin": [8, 11, 17]},
			"faces": {
				"north": {"uv": [10, 12, 13, 13], "texture": "#1"},
				"east": {"uv": [5, 12, 7, 13], "texture": "#2"},
				"west": {"uv": [9, 12, 11, 13], "texture": "#0"},
				"up": {"uv": [10, 9, 13, 11], "texture": "#1"}
			}
		},
		{
			"from": [0, 3, 5],
			"to": [3, 4, 7],
			"rotation": {"angle": 0, "axis": "y", "origin": [8, 11, 13]},
			"faces": {
				"east": {"uv": [9, 12, 11, 13], "texture": "#2"},
				"south": {"uv": [10, 12, 13, 13], "texture": "#1"},
				"west": {"uv": [5, 12, 7, 13], "texture": "#0"},
				"up": {"uv": [10, 5, 13, 7], "texture": "#1"}
			}
		},
		{
			"from": [0, 7, 4],
			"to": [3, 8, 12],
			"rotation": {"angle": 0, "axis": "y", "origin": [8, 15, 12]},
			"faces": {
				"east": {"uv": [4, 8, 12, 9], "texture": "#2"},
				"west": {"uv": [4, 8, 12, 9], "texture": "#0"},
				"up": {"uv": [10, 4, 13, 12], "texture": "#1"},
				"down": {"uv": [10, 4, 13, 12], "texture": "#1"}
			}
		},
		{
			"from": [0, 5, 3],
			"to": [3, 8, 4],
			"rotation": {"angle": 0, "axis": "y", "origin": [8, 13, 11]},
			"faces": {
				"east": {"uv": [12, 8, 13, 11], "texture": "#2"},
				"south": {"uv": [10, 8, 13, 11], "texture": "#1"},
				"west": {"uv": [3, 8, 4, 11], "texture": "#0"},
				"up": {"uv": [10, 3, 13, 4], "texture": "#1"}
			}
		},
		{
			"from": [0, 4, 6],
			"to": [3, 7, 7],
			"rotation": {"angle": 0, "axis": "y", "origin": [8, 12, 14]},
			"faces": {
				"north": {"uv": [10, 9, 13, 12], "texture": "#1"},
				"east": {"uv": [9, 9, 10, 12], "texture": "#2"},
				"south": {"uv": [10, 9, 13, 12], "texture": "#1"},
				"west": {"uv": [6, 9, 7, 12], "texture": "#0"}
			}
		},
		{
			"from": [0, 4, 9],
			"to": [3, 7, 10],
			"rotation": {"angle": 0, "axis": "y", "origin": [8, 12, 17]},
			"faces": {
				"north": {"uv": [10, 9, 13, 12], "texture": "#1"},
				"east": {"uv": [6, 9, 7, 12], "texture": "#2"},
				"south": {"uv": [10, 9, 13, 12], "texture": "#1"},
				"west": {"uv": [9, 9, 10, 12], "texture": "#0"}
			}
		},
		{
			"from": [0, 8, 9],
			"to": [3, 12, 10],
			"rotation": {"angle": 0, "axis": "y", "origin": [8, 16, 17]},
			"faces": {
				"north": {"uv": [10, 4, 13, 8], "texture": "#1"},
				"east": {"uv": [6, 4, 7, 8], "texture": "#2"},
				"south": {"uv": [10, 4, 13, 8], "texture": "#1"},
				"west": {"uv": [9, 4, 10, 8], "texture": "#0"}
			}
		},
		{
			"from": [0, 8, 6],
			"to": [3, 12, 7],
			"rotation": {"angle": 0, "axis": "y", "origin": [8, 16, 14]},
			"faces": {
				"north": {"uv": [10, 4, 13, 8], "texture": "#1"},
				"east": {"uv": [9, 4, 10, 8], "texture": "#2"},
				"south": {"uv": [10, 4, 13, 8], "texture": "#1"},
				"west": {"uv": [6, 4, 7, 8], "texture": "#0"}
			}
		},
		{
			"from": [0, 5, 12],
			"to": [3, 8, 13],
			"rotation": {"angle": 0, "axis": "y", "origin": [8, 13, 20]},
			"faces": {
				"north": {"uv": [10, 8, 13, 11], "texture": "#1"},
				"east": {"uv": [3, 8, 4, 11], "texture": "#2"},
				"west": {"uv": [12, 8, 13, 11], "texture": "#0"},
				"up": {"uv": [10, 12, 13, 13], "texture": "#1"}
			}
		}
	]
}