{
	"textures": {
		"4": "block/jungle_door_top2",
		"particle": "block/jungle_door_top2",
		"top": "block/jungle_door_top",
		"side": "block/jungle_door_sides"
	},
	"elements": [
		{
			"from": [0, 0, 0],
			"to": [3, 16, 3],
			"faces": {
				"south": {"uv": [10, 0, 13, 16], "texture": "#side"}
			}
		},
		{
			"from": [0, 0, 13],
			"to": [3, 16, 16],
			"rotation": {"angle": 0, "axis": "y", "origin": [8, 8, 21]},
			"faces": {
				"north": {"uv": [10, 0, 13, 16], "texture": "#side"}
			}
		},
		{
			"from": [0, 0, 0],
			"to": [3, 16, 16],
			"rotation": {"angle": 0, "axis": "y", "origin": [8, 8, 8]},
			"faces": {
				"north": {"uv": [3, 0, 6, 16], "texture": "#side"},
				"east": {"uv": [0, 0, 16, 16], "texture": "#4"},
				"south": {"uv": [13, 0, 16, 16], "texture": "#side"},
				"west": {"uv": [0, 0, 16, 16], "texture": "#top"},
				"up": {"uv": [6, 0, 9, 16], "texture": "#side"}
			}
		},
		{
			"from": [0, 13, 3],
			"to": [3, 16, 13],
			"rotation": {"angle": 0, "axis": "y", "origin": [8, 21, 11]},
			"faces": {
				"down": {"uv": [10, 3, 13, 13], "texture": "#side"}
			}
		},
		{
			"from": [0, 0, 3],
			"to": [3, 3, 13],
			"rotation": {"angle": 0, "axis": "y", "origin": [8, 8, 11]},
			"faces": {
				"up": {"uv": [10, 3, 13, 13], "texture": "#side"}
			}
		},
		{
			"from": [0, 3, 3],
			"to": [3, 5, 5],
			"rotation": {"angle": 0, "axis": "y", "origin": [8, 11, 11]},
			"faces": {
				"south": {"uv": [10, 10, 13, 12], "texture": "#side"},
				"up": {"uv": [10, 3, 13, 5], "texture": "#side"}
			}
		},
		{
			"from": [0, 11, 3],
			"to": [3, 13, 5],
			"rotation": {"angle": 0, "axis": "y", "origin": [8, 19, 11]},
			"faces": {
				"south": {"uv": [10, 3, 13, 5], "texture": "#side"},
				"down": {"uv": [10, 3, 13, 5], "texture": "#side"}
			}
		},
		{
			"from": [0, 11, 11],
			"to": [3, 13, 13],
			"rotation": {"angle": 0, "axis": "y", "origin": [8, 19, 19]},
			"faces": {
				"north": {"uv": [10, 3, 13, 5], "texture": "#side"},
				"down": {"uv": [10, 10, 13, 12], "texture": "#side"}
			}
		},
		{
			"from": [0, 3, 11],
			"to": [3, 5, 13],
			"rotation": {"angle": 0, "axis": "y", "origin": [8, 11, 19]},
			"faces": {
				"north": {"uv": [10, 11, 13, 13], "texture": "#side"},
				"up": {"uv": [10, 11, 13, 13], "texture": "#side"}
			}
		},
		{
			"from": [0, 5, 3],
			"to": [3, 8, 4],
			"rotation": {"angle": 0, "axis": "y", "origin": [8, 13, 11]},
			"faces": {
				"south": {"uv": [10, 7, 13, 10], "texture": "#side"},
				"up": {"uv": [10, 3, 13, 4], "texture": "#side"}
			}
		},
		{
			"from": [0, 4, 6],
			"to": [3, 7, 7],
			"rotation": {"angle": 0, "axis": "y", "origin": [8, 12, 14]},
			"faces": {
				"north": {"uv": [10, 9, 13, 12], "texture": "#side"},
				"south": {"uv": [10, 9, 13, 12], "texture": "#side"}
			}
		},
		{
			"from": [0, 4, 9],
			"to": [3, 7, 10],
			"rotation": {"angle": 0, "axis": "y", "origin": [8, 12, 17]},
			"faces": {
				"north": {"uv": [10, 9, 13, 12], "texture": "#side"},
				"south": {"uv": [10, 9, 13, 12], "texture": "#side"}
			}
		},
		{
			"from": [0, 8, 9],
			"to": [3, 12, 10],
			"rotation": {"angle": 0, "axis": "y", "origin": [8, 16, 17]},
			"faces": {
				"north": {"uv": [10, 4, 13, 8], "texture": "#side"},
				"south": {"uv": [10, 4, 13, 8], "texture": "#side"}
			}
		},
		{
			"from": [0, 8, 6],
			"to": [3, 12, 7],
			"rotation": {"angle": 0, "axis": "y", "origin": [8, 16, 14]},
			"faces": {
				"north": {"uv": [10, 4, 13, 8], "texture": "#side"},
				"south": {"uv": [10, 4, 13, 8], "texture": "#side"}
			}
		},
		{
			"from": [0, 5, 12],
			"to": [3, 8, 13],
			"rotation": {"angle": 0, "axis": "y", "origin": [8, 13, 20]},
			"faces": {
				"north": {"uv": [10, 8, 13, 11], "texture": "#side"},
				"up": {"uv": [10, 12, 13, 13], "texture": "#side"}
			}
		},
		{
			"from": [0, 10, 12],
			"to": [3, 11, 13],
			"rotation": {"angle": 0, "axis": "y", "origin": [8, 18, 20]},
			"faces": {
				"north": {"uv": [10, 5, 13, 6], "texture": "#side"},
				"down": {"uv": [10, 12, 13, 13], "texture": "#side"}
			}
		},
		{
			"from": [0, 10, 3],
			"to": [3, 11, 4],
			"rotation": {"angle": 0, "axis": "y", "origin": [8, 18, 11]},
			"faces": {
				"south": {"uv": [10, 5, 13, 6], "texture": "#side"},
				"down": {"uv": [10, 3, 13, 4], "texture": "#side"}
			}
		},
		{
			"from": [0, 12, 5],
			"to": [3, 13, 7],
			"rotation": {"angle": 0, "axis": "y", "origin": [8, 20, 13]},
			"faces": {
				"south": {"uv": [10, 3, 13, 4], "texture": "#side"},
				"down": {"uv": [10, 5, 13, 7], "texture": "#side"}
			}
		},
		{
			"from": [0, 12, 9],
			"to": [3, 13, 11],
			"rotation": {"angle": 0, "axis": "y", "origin": [8, 20, 17]},
			"faces": {
				"north": {"uv": [10, 3, 13, 4], "texture": "#side"},
				"down": {"uv": [10, 8, 13, 10], "texture": "#side"}
			}
		},
		{
			"from": [0, 3, 9],
			"to": [3, 4, 11],
			"rotation": {"angle": 0, "axis": "y", "origin": [8, 11, 17]},
			"faces": {
				"north": {"uv": [10, 12, 13, 13], "texture": "#side"},
				"up": {"uv": [10, 9, 13, 11], "texture": "#side"}
			}
		},
		{
			"from": [0, 3, 5],
			"to": [3, 4, 7],
			"rotation": {"angle": 0, "axis": "y", "origin": [8, 11, 13]},
			"faces": {
				"south": {"uv": [10, 11, 13, 12], "texture": "#side"},
				"up": {"uv": [10, 5, 13, 7], "texture": "#side"}
			}
		},
		{
			"from": [0, 7, 4],
			"to": [3, 8, 12],
			"rotation": {"angle": 0, "axis": "y", "origin": [8, 15, 12]},
			"faces": {
				"up": {"uv": [10, 4, 13, 12], "texture": "#side"},
				"down": {"uv": [10, 4, 13, 12], "texture": "#side"}
			}
		}
	]
}