{
	"ambientocclusion":false,
	"parent": "block/thin_block",
	"textures": {
		"particle": "block/oak_trapdoor"
	},
	"elements": [
		{
			"name": "Cube",
			"from": [0, 13, 13],
			"to": [16, 16, 16],
			"faces": {
				"north": {"uv": [0, 0, 16, 3], "texture": "#particle"},
				"east": {"uv": [13, 16, 16, 13], "rotation": 270, "texture": "#particle", "cullface": "east"},
				"south": {"uv": [0, 0, 16, 3], "texture": "#particle", "cullface": "south"},
				"west": {"uv": [0, 16, 3, 13], "rotation": 90, "texture": "#particle", "cullface": "west"},
				"up": {"uv": [0, 16, 16, 13], "rotation": 180, "texture": "#particle", "cullface": "up"},
				"down": {"uv": [0, 0, 16, 3], "texture": "#particle"}
			}
		},
		{
			"name": "Cube",
			"from": [0, 0, 13],
			"to": [16, 3, 16],
			"faces": {
				"north": {"uv": [0, 13, 16, 16], "texture": "#particle"},
				"east": {"uv": [0, 16, 3, 13], "rotation": 270, "texture": "#particle", "cullface": "east"},
				"south": {"uv": [0, 13, 16, 16], "texture": "#particle", "cullface": "south"},
				"west": {"uv": [13, 16, 16, 13], "rotation": 90, "texture": "#particle", "cullface": "west"},
				"up": {"uv": [0, 13, 16, 16], "rotation": 180, "texture": "#particle"},
				"down": {"uv": [0, 16, 16, 13], "texture": "#particle", "cullface": "down"}
			}
		},
		{
			"name": "Cube",
			"from": [0, 3, 13],
			"to": [3, 13, 16],
			"faces": {
				"north": {"uv": [13, 3, 16, 13], "texture": "#particle"},
				"east": {"uv": [0, 0, 10, 3], "rotation": 270, "texture": "#particle"},
				"south": {"uv": [0, 3, 3, 13], "texture": "#particle", "cullface": "south"},
				"west": {"uv": [3, 16, 13, 13], "rotation": 90, "texture": "#particle", "cullface": "west"}
			}
		},
		{
			"name": "Cube",
			"from": [13, 3, 13],
			"to": [16, 13, 16],
			"faces": {
				"north": {"uv": [0, 3, 3, 13], "texture": "#particle"},
				"east": {"uv": [3, 16, 13, 13], "rotation": 270, "texture": "#particle", "cullface": "east"},
				"south": {"uv": [13, 3, 16, 13], "texture": "#particle", "cullface": "south"},
				"west": {"uv": [0, 0, 10, 3], "rotation": 90, "texture": "#particle"}
			}
		},
		{
			"name": "Cube",
			"from": [6, 3, 13],
			"to": [10, 13, 16],
			"faces": {
				"north": {"uv": [6, 3, 10, 13], "texture": "#particle"},
				"east": {"uv": [3, 6, 13, 9], "rotation": 270, "texture": "#particle"},
				"south": {"uv": [6, 3, 10, 13], "texture": "#particle", "cullface": "south"},
				"west": {"uv": [3, 6, 13, 9], "rotation": 90, "texture": "#particle"}
			}
		},
		{
			"name": "Cube",
			"from": [3, 6, 13],
			"to": [6, 10, 16],
			"faces": {
				"north": {"uv": [10, 6, 13, 10], "texture": "#particle"},
				"south": {"uv": [3, 6, 6, 10], "texture": "#particle", "cullface": "south"},
				"up": {"uv": [3, 6, 6, 9], "rotation": 180, "texture": "#particle"},
				"down": {"uv": [3, 7, 6, 10], "rotation": 180, "texture": "#particle"}
			}
		},
		{
			"name": "Cube",
			"from": [10, 6, 13],
			"to": [13, 10, 16],
			"faces": {
				"north": {"uv": [3, 6, 6, 10], "texture": "#particle"},
				"south": {"uv": [3, 6, 6, 10], "texture": "#particle", "cullface": "south"},
				"up": {"uv": [3, 6, 6, 9], "rotation": 180, "texture": "#particle"},
				"down": {"uv": [3, 7, 6, 10], "rotation": 180, "texture": "#particle"}
			}
		}
	],
	"display": {
		"thirdperson_righthand": {
			"rotation": [75, 45, 0],
			"translation": [0, 3.5, 2.5],
			"scale": [0.375, 0.375, 0.375]
		},
		"thirdperson_lefthand": {
			"rotation": [75, 45, 0],
			"translation": [0, 3.5, 2.5],
			"scale": [0.375, 0.375, 0.375]
		},
		"firstperson_righthand": {
			"rotation": [0, 45, 0],
			"translation": [0, 2, 0],
			"scale": [0.4, 0.4, 0.4]
		},
		"firstperson_lefthand": {
			"rotation": [0, 45, 0],
			"translation": [0, 2, 0],
			"scale": [0.4, 0.4, 0.4]
		},
		"ground": {
			"translation": [0, 3, 0],
			"scale": [0.25, 0.25, 0.25]
		},
		"gui": {
			"rotation": [30, 225, 0],
			"scale": [0.625, 0.625, 0.625]
		},
		"head": {
			"rotation": [0, 180, 0],
			"translation": [0, 13, 7]
		},
		"fixed": {
			"rotation": [-90, 0, 0],
			"translation": [0, 0, -4.25],
			"scale": [0.5, 0.5, 0.5]
		}
	}
}