{
	"textures": {
		"3": "block/piston_side",
		"4": "block/piston_top",
		"5": "block/piston_arm",
		"particle": "block/piston_top"
	},
	"elements": [
		{
			"from": [0, 0, 0],
			"to": [16, 16, 4],
			"faces": {
				"north": {"uv": [0, 0, 16, 16], "texture": "#4", "cullface": "north"},
				"east": {"uv": [0, 0, 16, 4], "rotation": 90, "texture": "#3", "cullface": "east"},
				"south": {"uv": [0, 0, 16, 16], "texture": "#4"},
				"west": {"uv": [0, 0, 16, 4], "rotation": 270, "texture": "#3", "cullface": "west"},
				"up": {"uv": [0, 0, 16, 4], "texture": "#3", "cullface": "up"},
				"down": {"uv": [0, 0, 16, 4], "rotation": 180, "texture": "#3", "cullface": "down"}
			}
		},
		{
			"from": [6, 6, 4],
			"to": [10, 10, 12],
			"faces": {
				"east": {"uv": [4, 16, 0, 9], "rotation": 90, "texture": "#5"},
				"west": {"uv": [4, 16, 0, 9], "rotation": 90, "texture": "#5"},
				"up": {"uv": [4, 16, 0, 9], "texture": "#5"},
				"down": {"uv": [4, 16, 0, 9], "texture": "#5"}
			}
		},
		{
			"from": [5, 5, 12],
			"to": [11, 11, 20],
			"faces": {
				"north": {"uv": [0, 2, 6, 8], "texture": "#5"},
				"east": {"uv": [4, 8, 10, 16], "rotation": 90, "texture": "#5"},
				"west": {"uv": [4, 8, 10, 16], "rotation": 90, "texture": "#5"},
				"up": {"uv": [4, 8, 10, 16], "texture": "#5"},
				"down": {"uv": [4, 8, 10, 16], "texture": "#5"}
			}
		}
	],
	"display": {}
}
