{
	"credit": "Made with Blockbench - Made/edited by RyanGar46",
	"ambientocclusion": false,
	"textures": {
		"particle": "block/powered_rail",
		"powered_rail": "block/powered_rail",
		"rail_powered_3d": "3d/rails/rail_powered"
	},
	"elements": [
		{
			"name": "Cube",
			"from": [2, 8.5, -2],
			"to": [5, 9.5, 14],
			"rotation": {"angle": -45, "axis": "x", "origin": [8, 8, 8]},
			"faces": {
				"north": {"uv": [5, 15, 2, 16], "texture": "#powered_rail"},
				"east": {"uv": [5, 16, 4, 0], "rotation": 90, "texture": "#powered_rail"},
				"south": {"uv": [2, 0, 0, 1], "rotation": 180, "texture": "#missing"},
				"west": {"uv": [3, 0, 2, 16], "rotation": 90, "texture": "#powered_rail"},
				"up": {"uv": [2, 16, 5, 0], "texture": "#powered_rail"},
				"down": {"uv": [2, 0, 5, 16], "texture": "#powered_rail"}
			}
		},
		{
			"name": "Cube",
			"from": [11, 8.5, -2],
			"to": [14, 9.5, 14],
			"rotation": {"angle": -45, "axis": "x", "origin": [8, 8, 8]},
			"faces": {
				"north": {"uv": [14, 15, 11, 16], "texture": "#powered_rail"},
				"east": {"uv": [13, 0, 14, 16], "rotation": 270, "texture": "#powered_rail"},
				"south": {"uv": [2, 0, 0, 1], "texture": "#missing"},
				"west": {"uv": [12, 0, 11, 16], "rotation": 90, "texture": "#powered_rail"},
				"up": {"uv": [14, 0, 11, 16], "rotation": 180, "texture": "#powered_rail"},
				"down": {"uv": [11, 0, 14, 16], "texture": "#powered_rail"}
			}
		},
		{
			"name": "Cube",
			"from": [2.01, 8.5, 14],
			"to": [5.01, 9.5, 21],
			"rotation": {"angle": -45, "axis": "x", "origin": [8, 8, 8]},
			"faces": {
				"north": {"uv": [2, 0, 0, 1], "texture": "#missing"},
				"east": {"uv": [5, 11, 4, 4], "rotation": 90, "texture": "#powered_rail"},
				"south": {"uv": [5, 4, 2, 5], "rotation": 180, "texture": "#powered_rail"},
				"west": {"uv": [3, 4, 2, 11], "rotation": 90, "texture": "#powered_rail"},
				"up": {"uv": [2, 11, 5, 4], "texture": "#powered_rail"},
				"down": {"uv": [2, 4, 5, 11], "texture": "#powered_rail"}
			}
		},
		{
			"name": "Cube",
			"from": [10.99, 8.5, 14],
			"to": [13.99, 9.5, 21],
			"rotation": {"angle": -45, "axis": "x", "origin": [8, 8, 8]},
			"faces": {
				"north": {"uv": [4, 0, 2, 1], "texture": "#missing"},
				"east": {"uv": [14, 11, 13, 4], "rotation": 90, "texture": "#powered_rail"},
				"south": {"uv": [11, 4, 14, 5], "texture": "#powered_rail"},
				"west": {"uv": [12, 4, 11, 11], "rotation": 90, "texture": "#powered_rail"},
				"up": {"uv": [11, 11, 14, 4], "texture": "#powered_rail"},
				"down": {"uv": [11, 4, 14, 11], "texture": "#powered_rail"}
			}
		},
		{
			"name": "Cube",
			"from": [1, 7.5, 18],
			"to": [15, 8.5, 20],
			"rotation": {"angle": -45, "axis": "x", "origin": [8, 8, 8]},
			"faces": {
				"north": {"uv": [4, 2, 5, 16], "rotation": 270, "texture": "#rail_powered_3d"},
				"east": {"uv": [6, 2, 4, 3], "texture": "#rail_powered_3d"},
				"south": {"uv": [6, 2, 5, 16], "rotation": 90, "texture": "#rail_powered_3d"},
				"west": {"uv": [4, 2, 6, 3], "texture": "#rail_powered_3d"},
				"up": {"uv": [6, 2, 4, 16], "rotation": 270, "texture": "#rail_powered_3d"},
				"down": {"uv": [6, 2, 4, 16], "rotation": 90, "texture": "#rail_powered_3d"}
			}
		},
		{
			"name": "Cube",
			"from": [1, 7.5, 14],
			"to": [15, 8.5, 16],
			"rotation": {"angle": -45, "axis": "x", "origin": [8, 8, 8]},
			"faces": {
				"north": {"uv": [4, 2, 5, 16], "rotation": 270, "texture": "#rail_powered_3d"},
				"east": {"uv": [6, 2, 4, 3], "texture": "#rail_powered_3d"},
				"south": {"uv": [6, 2, 5, 16], "rotation": 90, "texture": "#rail_powered_3d"},
				"west": {"uv": [4, 2, 6, 3], "texture": "#rail_powered_3d"},
				"up": {"uv": [6, 2, 4, 16], "rotation": 270, "texture": "#rail_powered_3d"},
				"down": {"uv": [6, 2, 4, 16], "rotation": 90, "texture": "#rail_powered_3d"}
			}
		},
		{
			"name": "Cube",
			"from": [1, 7.5, 10],
			"to": [15, 8.5, 12],
			"rotation": {"angle": -45, "axis": "x", "origin": [8, 8, 8]},
			"faces": {
				"north": {"uv": [4, 2, 5, 16], "rotation": 270, "texture": "#rail_powered_3d"},
				"east": {"uv": [6, 2, 4, 3], "texture": "#rail_powered_3d"},
				"south": {"uv": [6, 2, 5, 16], "rotation": 90, "texture": "#rail_powered_3d"},
				"west": {"uv": [4, 2, 6, 3], "texture": "#rail_powered_3d"},
				"up": {"uv": [6, 2, 4, 16], "rotation": 270, "texture": "#rail_powered_3d"},
				"down": {"uv": [6, 2, 4, 16], "rotation": 90, "texture": "#rail_powered_3d"}
			}
		},
		{
			"name": "Cube",
			"from": [1, 7.5, 6],
			"to": [15, 8.5, 8],
			"rotation": {"angle": -45, "axis": "x", "origin": [8, 8, 8]},
			"faces": {
				"north": {"uv": [4, 2, 5, 16], "rotation": 270, "texture": "#rail_powered_3d"},
				"east": {"uv": [6, 2, 4, 3], "texture": "#rail_powered_3d"},
				"south": {"uv": [6, 2, 5, 16], "rotation": 90, "texture": "#rail_powered_3d"},
				"west": {"uv": [4, 2, 6, 3], "texture": "#rail_powered_3d"},
				"up": {"uv": [6, 2, 4, 16], "rotation": 270, "texture": "#rail_powered_3d"},
				"down": {"uv": [6, 2, 4, 16], "rotation": 90, "texture": "#rail_powered_3d"}
			}
		},
		{
			"name": "Cube",
			"from": [1, 7.5, 2],
			"to": [15, 8.5, 4],
			"rotation": {"angle": -45, "axis": "x", "origin": [8, 8, 8]},
			"faces": {
				"north": {"uv": [4, 2, 5, 16], "rotation": 270, "texture": "#rail_powered_3d"},
				"east": {"uv": [6, 2, 4, 3], "texture": "#rail_powered_3d"},
				"south": {"uv": [6, 2, 5, 16], "rotation": 90, "texture": "#rail_powered_3d"},
				"west": {"uv": [4, 2, 6, 3], "texture": "#rail_powered_3d"},
				"up": {"uv": [6, 2, 4, 16], "rotation": 270, "texture": "#rail_powered_3d"},
				"down": {"uv": [6, 2, 4, 16], "rotation": 90, "texture": "#rail_powered_3d"}
			}
		},
		{
			"name": "Cube",
			"from": [1, 7.5, -2],
			"to": [15, 8.5, 0],
			"rotation": {"angle": -45, "axis": "x", "origin": [8, 8, 8]},
			"faces": {
				"north": {"uv": [4, 2, 5, 16], "rotation": 270, "texture": "#rail_powered_3d"},
				"east": {"uv": [6, 2, 4, 3], "texture": "#rail_powered_3d"},
				"south": {"uv": [6, 2, 5, 16], "rotation": 90, "texture": "#rail_powered_3d"},
				"west": {"uv": [4, 2, 6, 3], "texture": "#rail_powered_3d"},
				"up": {"uv": [6, 2, 4, 16], "rotation": 270, "texture": "#rail_powered_3d"},
				"down": {"uv": [6, 2, 4, 16], "rotation": 90, "texture": "#rail_powered_3d"}
			}
		},
		{
			"name": "Cube",
			"from": [7, 7.5, 0],
			"to": [9, 8.5, 2],
			"rotation": {"angle": -45, "axis": "x", "origin": [8, 8, 8]},
			"faces": {
				"east": {"uv": [9, 3, 8, 5], "texture": "#powered_rail"},
				"west": {"uv": [7, 13, 8, 11], "rotation": 270, "texture": "#powered_rail"},
				"up": {"uv": [7, 13, 9, 11], "texture": "#powered_rail"},
				"down": {"uv": [9, 11, 7, 13], "rotation": 270, "texture": "#powered_rail"}
			}
		},
		{
			"name": "Cube",
			"from": [7, 7.5, 4],
			"to": [9, 8.5, 6],
			"rotation": {"angle": -45, "axis": "x", "origin": [8, 8, 8]},
			"faces": {
				"east": {"uv": [9, 3, 8, 5], "texture": "#powered_rail"},
				"west": {"uv": [7, 13, 8, 11], "rotation": 270, "texture": "#powered_rail"},
				"up": {"uv": [7, 13, 9, 11], "texture": "#powered_rail"},
				"down": {"uv": [9, 11, 7, 13], "rotation": 270, "texture": "#powered_rail"}
			}
		},
		{
			"name": "Cube",
			"from": [7, 7.5, 8],
			"to": [9, 8.5, 10],
			"rotation": {"angle": -45, "axis": "x", "origin": [8, 8, 8]},
			"faces": {
				"east": {"uv": [9, 3, 8, 5], "texture": "#powered_rail"},
				"west": {"uv": [7, 13, 8, 11], "rotation": 270, "texture": "#powered_rail"},
				"up": {"uv": [7, 13, 9, 11], "texture": "#powered_rail"},
				"down": {"uv": [9, 11, 7, 13], "rotation": 270, "texture": "#powered_rail"}
			}
		},
		{
			"name": "Cube",
			"from": [7, 7.5, 12],
			"to": [9, 8.5, 14],
			"rotation": {"angle": -45, "axis": "x", "origin": [8, 8, 8]},
			"faces": {
				"east": {"uv": [9, 3, 8, 5], "texture": "#powered_rail"},
				"west": {"uv": [7, 13, 8, 11], "rotation": 270, "texture": "#powered_rail"},
				"up": {"uv": [7, 13, 9, 11], "texture": "#powered_rail"},
				"down": {"uv": [9, 11, 7, 13], "rotation": 270, "texture": "#powered_rail"}
			}
		},
		{
			"name": "Cube",
			"from": [7, 7.5, 16],
			"to": [9, 8.5, 18],
			"rotation": {"angle": -45, "axis": "x", "origin": [8, 8, 8]},
			"faces": {
				"east": {"uv": [9, 3, 8, 5], "texture": "#powered_rail"},
				"west": {"uv": [7, 13, 8, 11], "rotation": 270, "texture": "#powered_rail"},
				"up": {"uv": [7, 13, 9, 11], "texture": "#powered_rail"},
				"down": {"uv": [9, 11, 7, 13], "rotation": 270, "texture": "#powered_rail"}
			}
		}
	],
	"display": {
		"thirdperson_righthand": {
			"rotation": [75, 315, 0],
			"translation": [0, 2.5, 0],
			"scale": [0.375, 0.375, 0.375]
		},
		"firstperson_righthand": {
			"rotation": [0, 315, 0],
			"translation": [0, 2.5, 0],
			"scale": [0.4, 0.4, 0.4]
		},
		"ground": {
			"translation": [0, 3, 0],
			"scale": [0.25, 0.25, 0.25]
		},
		"gui": {
			"rotation": [30, 45, 0],
			"scale": [0.625, 0.625, 0.625]
		},
		"head": {
			"rotation": [0, 180, 0]
		},
		"fixed": {
			"rotation": [0, 180, 0]
		}
	}
}