{
	"ambientocclusion": false,
	"textures": {
		"particle": "block/powered_rail",
		"powered_rail": "block/powered_rail",
		"rail_powered_3d": "3d/rails/rail_powered"
	},
	"elements": [
		{
			"name": "Cube",
			"from": [2, 8.4, 2.18949],
			"to": [5, 9.4, 17.9495],
			"rotation": {"angle": 45, "axis": "x", "origin": [8, 8, 8]},
			"faces": {
				"north": {"uv": [0, 0, 2, 1], "rotation": 180, "texture": "#missing"},
				"east": {"uv": [5, 0, 4, 16], "rotation": 90, "texture": "#powered_rail"},
				"south": {"uv": [2, 15, 5, 16], "texture": "#powered_rail"},
				"west": {"uv": [3, 16, 2, 0], "rotation": 90, "texture": "#powered_rail"},
				"up": {"uv": [2, 0, 5, 16], "texture": "#powered_rail"},
				"down": {"uv": [2, 16, 5, 0], "texture": "#powered_rail"}
			}
		},
		{
			"name": "Cube",
			"from": [11, 8.4, 2.18949],
			"to": [14, 9.4, 17.9495],
			"rotation": {"angle": 45, "axis": "x", "origin": [8, 8, 8]},
			"faces": {
				"north": {"uv": [0, 0, 2, 1], "texture": "#missing"},
				"east": {"uv": [13, 16, 14, 0], "rotation": 270, "texture": "#powered_rail"},
				"south": {"uv": [11, 15, 14, 16], "texture": "#powered_rail"},
				"west": {"uv": [12, 16, 11, 0], "rotation": 90, "texture": "#powered_rail"},
				"up": {"uv": [14, 16, 11, 0], "rotation": 180, "texture": "#powered_rail"},
				"down": {"uv": [11, 16, 14, 0], "texture": "#powered_rail"}
			}
		},
		{
			"name": "Cube",
			"from": [2.01, 8.4, -4.70551],
			"to": [5.01, 9.4, 2.18949],
			"rotation": {"angle": 45, "axis": "x", "origin": [8, 8, 8]},
			"faces": {
				"north": {"uv": [2, 4, 5, 5], "rotation": 180, "texture": "#powered_rail"},
				"east": {"uv": [5, 4, 4, 11], "rotation": 90, "texture": "#powered_rail"},
				"south": {"uv": [0, 0, 2, 1], "texture": "#missing"},
				"west": {"uv": [3, 11, 2, 4], "rotation": 90, "texture": "#powered_rail"},
				"up": {"uv": [2, 4, 5, 11], "texture": "#powered_rail"},
				"down": {"uv": [2, 11, 5, 4], "texture": "#powered_rail"}
			}
		},
		{
			"name": "Cube",
			"from": [10.99, 8.4, -4.70551],
			"to": [13.99, 9.4, 2.18949],
			"rotation": {"angle": 45, "axis": "x", "origin": [8, 8, 8]},
			"faces": {
				"north": {"uv": [14, 4, 11, 5], "texture": "#powered_rail"},
				"east": {"uv": [14, 4, 13, 11], "rotation": 90, "texture": "#powered_rail"},
				"south": {"uv": [2, 0, 4, 1], "texture": "#missing"},
				"west": {"uv": [12, 11, 11, 4], "rotation": 90, "texture": "#powered_rail"},
				"up": {"uv": [11, 4, 14, 11], "texture": "#powered_rail"},
				"down": {"uv": [11, 11, 14, 4], "texture": "#powered_rail"}
			}
		},
		{
			"name": "Cube",
			"from": [1, 7.4, -3.72051],
			"to": [15, 8.4, -1.75051],
			"rotation": {"angle": 45, "axis": "x", "origin": [8, 8, 8]},
			"faces": {
				"north": {"uv": [6, 16, 5, 2], "rotation": 90, "texture": "#rail_powered_3d"},
				"east": {"uv": [4, 2, 6, 3], "texture": "#rail_powered_3d"},
				"south": {"uv": [4, 16, 5, 2], "rotation": 270, "texture": "#rail_powered_3d"},
				"west": {"uv": [6, 2, 4, 3], "texture": "#rail_powered_3d"},
				"up": {"uv": [4, 2, 6, 16], "rotation": 270, "texture": "#rail_powered_3d"},
				"down": {"uv": [4, 2, 6, 16], "rotation": 90, "texture": "#rail_powered_3d"}
			}
		},
		{
			"name": "Cube",
			"from": [1, 7.4, 0.21949],
			"to": [15, 8.4, 2.18949],
			"rotation": {"angle": 45, "axis": "x", "origin": [8, 8, 8]},
			"faces": {
				"north": {"uv": [6, 16, 5, 2], "rotation": 90, "texture": "#rail_powered_3d"},
				"east": {"uv": [4, 2, 6, 3], "texture": "#rail_powered_3d"},
				"south": {"uv": [4, 16, 5, 2], "rotation": 270, "texture": "#rail_powered_3d"},
				"west": {"uv": [6, 2, 4, 3], "texture": "#rail_powered_3d"},
				"up": {"uv": [4, 2, 6, 16], "rotation": 270, "texture": "#rail_powered_3d"},
				"down": {"uv": [4, 2, 6, 16], "rotation": 90, "texture": "#rail_powered_3d"}
			}
		},
		{
			"name": "Cube",
			"from": [1, 7.4, 4.15949],
			"to": [15, 8.4, 6.12949],
			"rotation": {"angle": 45, "axis": "x", "origin": [8, 8, 8]},
			"faces": {
				"north": {"uv": [6, 16, 5, 2], "rotation": 90, "texture": "#rail_powered_3d"},
				"east": {"uv": [4, 2, 6, 3], "texture": "#rail_powered_3d"},
				"south": {"uv": [4, 16, 5, 2], "rotation": 270, "texture": "#rail_powered_3d"},
				"west": {"uv": [6, 2, 4, 3], "texture": "#rail_powered_3d"},
				"up": {"uv": [4, 2, 6, 16], "rotation": 270, "texture": "#rail_powered_3d"},
				"down": {"uv": [4, 2, 6, 16], "rotation": 90, "texture": "#rail_powered_3d"}
			}
		},
		{
			"name": "Cube",
			"from": [1, 7.4, 8.0995],
			"to": [15, 8.4, 10.0695],
			"rotation": {"angle": 45, "axis": "x", "origin": [8, 8, 8]},
			"faces": {
				"north": {"uv": [6, 16, 5, 2], "rotation": 90, "texture": "#rail_powered_3d"},
				"east": {"uv": [4, 2, 6, 3], "texture": "#rail_powered_3d"},
				"south": {"uv": [4, 16, 5, 2], "rotation": 270, "texture": "#rail_powered_3d"},
				"west": {"uv": [6, 2, 4, 3], "texture": "#rail_powered_3d"},
				"up": {"uv": [4, 2, 6, 16], "rotation": 270, "texture": "#rail_powered_3d"},
				"down": {"uv": [4, 2, 6, 16], "rotation": 90, "texture": "#rail_powered_3d"}
			}
		},
		{
			"name": "Cube",
			"from": [1, 7.4, 12.0395],
			"to": [15, 8.4, 14.0095],
			"rotation": {"angle": 45, "axis": "x", "origin": [8, 8, 8]},
			"faces": {
				"north": {"uv": [6, 16, 5, 2], "rotation": 90, "texture": "#rail_powered_3d"},
				"east": {"uv": [4, 2, 6, 3], "texture": "#rail_powered_3d"},
				"south": {"uv": [4, 16, 5, 2], "rotation": 270, "texture": "#rail_powered_3d"},
				"west": {"uv": [6, 2, 4, 3], "texture": "#rail_powered_3d"},
				"up": {"uv": [4, 2, 6, 16], "rotation": 270, "texture": "#rail_powered_3d"},
				"down": {"uv": [4, 2, 6, 16], "rotation": 90, "texture": "#rail_powered_3d"}
			}
		},
		{
			"name": "Cube",
			"from": [1, 7.4, 15.9795],
			"to": [15, 8.4, 17.9495],
			"rotation": {"angle": 45, "axis": "x", "origin": [8, 8, 8]},
			"faces": {
				"north": {"uv": [6, 16, 5, 2], "rotation": 90, "texture": "#rail_powered_3d"},
				"east": {"uv": [4, 2, 6, 3], "texture": "#rail_powered_3d"},
				"south": {"uv": [4, 16, 5, 2], "rotation": 270, "texture": "#rail_powered_3d"},
				"west": {"uv": [6, 2, 4, 3], "texture": "#rail_powered_3d"},
				"up": {"uv": [4, 2, 6, 16], "rotation": 270, "texture": "#rail_powered_3d"},
				"down": {"uv": [4, 2, 6, 16], "rotation": 90, "texture": "#rail_powered_3d"}
			}
		},
		{
			"name": "Cube",
			"from": [7, 7.4, 14.0095],
			"to": [9, 8.4, 15.9795],
			"rotation": {"angle": 45, "axis": "x", "origin": [8, 8, 8]},
			"faces": {
				"east": {"uv": [8, 3, 9, 5], "texture": "#powered_rail"},
				"west": {"uv": [7, 11, 8, 13], "rotation": 270, "texture": "#powered_rail"},
				"up": {"uv": [7, 11, 9, 13], "texture": "#powered_rail"},
				"down": {"uv": [7, 11, 9, 13], "rotation": 270, "texture": "#powered_rail"}
			}
		},
		{
			"name": "Cube",
			"from": [7, 7.4, 10.0695],
			"to": [9, 8.4, 12.0395],
			"rotation": {"angle": 45, "axis": "x", "origin": [8, 8, 8]},
			"faces": {
				"east": {"uv": [8, 3, 9, 5], "texture": "#powered_rail"},
				"west": {"uv": [7, 11, 8, 13], "rotation": 270, "texture": "#powered_rail"},
				"up": {"uv": [7, 11, 9, 13], "texture": "#powered_rail"},
				"down": {"uv": [7, 11, 9, 13], "rotation": 270, "texture": "#powered_rail"}
			}
		},
		{
			"name": "Cube",
			"from": [7, 7.4, 6.12949],
			"to": [9, 8.4, 8.0995],
			"rotation": {"angle": 45, "axis": "x", "origin": [8, 8, 8]},
			"faces": {
				"east": {"uv": [8, 3, 9, 5], "texture": "#powered_rail"},
				"west": {"uv": [7, 11, 8, 13], "rotation": 270, "texture": "#powered_rail"},
				"up": {"uv": [7, 11, 9, 13], "texture": "#powered_rail"},
				"down": {"uv": [7, 11, 9, 13], "rotation": 270, "texture": "#powered_rail"}
			}
		},
		{
			"name": "Cube",
			"from": [7, 7.4, 2.18949],
			"to": [9, 8.4, 4.15949],
			"rotation": {"angle": 45, "axis": "x", "origin": [8, 8, 8]},
			"faces": {
				"east": {"uv": [8, 3, 9, 5], "texture": "#powered_rail"},
				"west": {"uv": [7, 11, 8, 13], "rotation": 270, "texture": "#powered_rail"},
				"up": {"uv": [7, 11, 9, 13], "texture": "#powered_rail"},
				"down": {"uv": [7, 11, 9, 13], "rotation": 270, "texture": "#powered_rail"}
			}
		},
		{
			"name": "Cube",
			"from": [7, 7.4, -1.75051],
			"to": [9, 8.4, 0.21949],
			"rotation": {"angle": 45, "axis": "x", "origin": [8, 8, 8]},
			"faces": {
				"east": {"uv": [8, 3, 9, 5], "texture": "#powered_rail"},
				"west": {"uv": [7, 11, 8, 13], "rotation": 270, "texture": "#powered_rail"},
				"up": {"uv": [7, 11, 9, 13], "texture": "#powered_rail"},
				"down": {"uv": [7, 11, 9, 13], "rotation": 270, "texture": "#powered_rail"}
			}
		}
	],
	"display": {
		"thirdperson_righthand": {
			"rotation": [75, 315, 0],
			"translation": [0, 2.5, 0],
			"scale": [0.375, 0.375, 0.375]
		},
		"firstperson_righthand": {
			"rotation": [0, 315, 0],
			"translation": [0, 2.5, 0],
			"scale": [0.4, 0.4, 0.4]
		},
		"ground": {
			"translation": [0, 3, 0],
			"scale": [0.25, 0.25, 0.25]
		},
		"gui": {
			"rotation": [30, 45, 0],
			"scale": [0.625, 0.625, 0.625]
		},
		"head": {
			"rotation": [0, 180, 0]
		},
		"fixed": {
			"rotation": [0, 180, 0]
		}
	}
}