{
	"textures": {
		"1": "block/snow_side",
		"particle": "block/snow",
		"texture": "block/snow"
	},
	"elements": [
		{
			"from": [0, 0, 0],
			"to": [16, 4, 16],
			"faces": {
				"north": {"uv": [0, 12, 16, 16], "texture": "#texture", "cullface": "north"},
				"east": {"uv": [0, 12, 16, 16], "texture": "#texture", "cullface": "east"},
				"south": {"uv": [0, 12, 16, 16], "texture": "#texture", "cullface": "south"},
				"west": {"uv": [0, 12, 16, 16], "texture": "#texture", "cullface": "west"},
				"up": {"uv": [0, 0, 16, 16], "texture": "#texture", "cullface": "up"},
				"down": {"uv": [0, 0, 16, 16], "texture": "#texture", "cullface": "down"}
			}
		},
		{
			"from": [6.995, -7, -0.01],
			"to": [7.995, -6, 0],
			"rotation": {"angle": 0, "axis": "y", "origin": [8, 7, 8]},
			"faces": {
				"north": {"uv": [8, 6, 9, 7], "texture": "#1", "cullface": "north"}
			}
		},
		{
			"from": [11.01, -7, -0.01],
			"to": [12.01, -6, 0],
			"rotation": {"angle": 0, "axis": "y", "origin": [8, 7, 8]},
			"faces": {
				"north": {"uv": [4, 6, 5, 7], "texture": "#1", "cullface": "north"}
			}
		},
		{
			"from": [4.99, -6, -0.01],
			"to": [13.01, -5, 0],
			"rotation": {"angle": 0, "axis": "y", "origin": [8, 7, 8]},
			"faces": {
				"north": {"uv": [3, 5, 11, 6], "texture": "#1", "cullface": "north"}
			}
		},
		{
			"from": [14.01, -6, -0.01],
			"to": [15.01, -5, 0],
			"rotation": {"angle": 0, "axis": "y", "origin": [8, 7, 8]},
			"faces": {
				"north": {"uv": [1, 5, 2, 6], "texture": "#1", "cullface": "north"}
			}
		},
		{
			"from": [-0.01, -5, -0.01],
			"to": [16.01, 0, 0],
			"rotation": {"angle": 0, "axis": "y", "origin": [8, 7, 8]},
			"faces": {
				"north": {"uv": [0, 0, 16, 5], "texture": "#1", "cullface": "north"}
			}
		},
		{
			"from": [0.99, -6, -0.01],
			"to": [1.99, -5, 0],
			"rotation": {"angle": 0, "axis": "y", "origin": [8, 7, 8]},
			"faces": {
				"north": {"uv": [14, 5, 15, 6], "texture": "#1", "cullface": "north"}
			}
		},
		{
			"from": [-0.01, -7, 8.005],
			"to": [0, -6, 9.005],
			"rotation": {"angle": 0, "axis": "y", "origin": [8, 7, 8]},
			"faces": {
				"west": {"uv": [8, 6, 9, 7], "texture": "#1", "cullface": "west"}
			}
		},
		{
			"from": [-0.01, -7, 3.99],
			"to": [0, -6, 4.99],
			"rotation": {"angle": 0, "axis": "y", "origin": [8, 7, 8]},
			"faces": {
				"west": {"uv": [4, 6, 5, 7], "texture": "#1", "cullface": "west"}
			}
		},
		{
			"from": [-0.01, -6, 2.99],
			"to": [0, -5, 11.01],
			"rotation": {"angle": 0, "axis": "y", "origin": [8, 7, 8]},
			"faces": {
				"west": {"uv": [3, 5, 11, 6], "texture": "#1", "cullface": "west"}
			}
		},
		{
			"from": [-0.01, -6, 0.99],
			"to": [0, -5, 1.99],
			"rotation": {"angle": 0, "axis": "y", "origin": [8, 7, 8]},
			"faces": {
				"west": {"uv": [1, 5, 2, 6], "texture": "#1", "cullface": "west"}
			}
		},
		{
			"from": [-0.01, -5, -0.01],
			"to": [0, 0, 16.01],
			"rotation": {"angle": 0, "axis": "y", "origin": [8, 7, 8]},
			"faces": {
				"west": {"uv": [0, 0, 16, 5], "texture": "#1", "cullface": "west"}
			}
		},
		{
			"from": [-0.01, -6, 14.01],
			"to": [0, -5, 15.01],
			"rotation": {"angle": 0, "axis": "y", "origin": [8, 7, 8]},
			"faces": {
				"west": {"uv": [14, 5, 15, 6], "texture": "#1", "cullface": "west"}
			}
		},
		{
			"from": [8.005, -7, 16.01],
			"to": [9.005, -6, 16.02],
			"rotation": {"angle": 0, "axis": "y", "origin": [8, 7, 8]},
			"faces": {
				"south": {"uv": [8, 6, 9, 7], "texture": "#1", "cullface": "south"}
			}
		},
		{
			"from": [3.99, -7, 16.01],
			"to": [4.99, -6, 16.02],
			"rotation": {"angle": 0, "axis": "y", "origin": [8, 7, 8]},
			"faces": {
				"south": {"uv": [4, 6, 5, 7], "texture": "#1", "cullface": "south"}
			}
		},
		{
			"from": [2.99, -6, 16.01],
			"to": [11.01, -5, 16.02],
			"rotation": {"angle": 0, "axis": "y", "origin": [8, 7, 8]},
			"faces": {
				"south": {"uv": [3, 5, 11, 6], "texture": "#1", "cullface": "south"}
			}
		},
		{
			"from": [0.99, -6, 16.01],
			"to": [1.99, -5, 16.02],
			"rotation": {"angle": 0, "axis": "y", "origin": [8, 7, 8]},
			"faces": {
				"south": {"uv": [1, 5, 2, 6], "texture": "#1", "cullface": "south"}
			}
		},
		{
			"from": [-0.01, -5, 16.01],
			"to": [16.01, 0, 16.02],
			"rotation": {"angle": 0, "axis": "y", "origin": [8, 7, 8]},
			"faces": {
				"south": {"uv": [0, 0, 16, 5], "texture": "#1", "cullface": "south"}
			}
		},
		{
			"from": [14.01, -6, 16.01],
			"to": [15.01, -5, 16.02],
			"rotation": {"angle": 0, "axis": "y", "origin": [8, 7, 8]},
			"faces": {
				"south": {"uv": [14, 5, 15, 6], "texture": "#1", "cullface": "south"}
			}
		},
		{
			"from": [16.01, -7, 6.995],
			"to": [16.02, -6, 7.995],
			"rotation": {"angle": 0, "axis": "y", "origin": [8, 7, 8]},
			"faces": {
				"east": {"uv": [8, 6, 9, 7], "texture": "#1", "cullface": "east"}
			}
		},
		{
			"from": [16.01, -7, 11.01],
			"to": [16.02, -6, 12.01],
			"rotation": {"angle": 0, "axis": "y", "origin": [8, 7, 8]},
			"faces": {
				"east": {"uv": [4, 6, 5, 7], "texture": "#1", "cullface": "east"}
			}
		},
		{
			"from": [16.01, -6, 4.99],
			"to": [16.02, -5, 13.01],
			"rotation": {"angle": 0, "axis": "y", "origin": [8, 7, 8]},
			"faces": {
				"east": {"uv": [3, 5, 11, 6], "texture": "#1", "cullface": "east"}
			}
		},
		{
			"from": [16.01, -6, 14.01],
			"to": [16.02, -5, 15.01],
			"rotation": {"angle": 0, "axis": "y", "origin": [8, 7, 8]},
			"faces": {
				"east": {"uv": [1, 5, 2, 6], "texture": "#1", "cullface": "east"}
			}
		},
		{
			"from": [16.01, -5, -0.01],
			"to": [16.02, 0, 16.01],
			"rotation": {"angle": 0, "axis": "y", "origin": [8, 7, 8]},
			"faces": {
				"east": {"uv": [0, 0, 16, 5], "texture": "#1", "cullface": "east"}
			}
		},
		{
			"from": [16.01, -6, 0.99],
			"to": [16.02, -5, 1.99],
			"rotation": {"angle": 0, "axis": "y", "origin": [8, 7, 8]},
			"faces": {
				"east": {"uv": [14, 5, 15, 6], "texture": "#1", "cullface": "east"}
			}
		}
	],
	"groups": [
		0,
		{
			"name": "group",
			"origin": [8, 8, 8],
			"color": 0,
			"children": [
				{
					"name": "group",
					"origin": [-8, 7, 24],
					"color": 0,
					"children": [1, 2, 3, 4, 5, 6]
				},
				{
					"name": "group",
					"origin": [-8, 7, 24],
					"color": 0,
					"children": [7, 8, 9, 10, 11, 12]
				},
				{
					"name": "group",
					"origin": [-8, 7, 24],
					"color": 0,
					"children": [13, 14, 15, 16, 17, 18]
				},
				{
					"name": "group",
					"origin": [-8, 7, 24],
					"color": 0,
					"children": [19, 20, 21, 22, 23, 24]
				}
			]
		}
	]
}