{
	"ambientocclusion":false,
	"parent": "block/thin_block",
	"textures": {
		"particle": "block/warped_trapdoor",
		"texture": "block/warped_trapdoor"
	},
	"elements": [
		{
			"from": [0, 0, 13],
			"to": [3, 16, 16],
			"faces": {
				"north": {"uv": [0, 16, 3, 0], "rotation": 180, "texture": "#texture"},
				"east": {"uv": [0, 16, 16, 13], "rotation": 270, "texture": "#texture"},
				"south": {"uv": [0, 0, 3, 16], "texture": "#texture", "cullface": "south"},
				"west": {"uv": [0, 16, 16, 13], "rotation": 90, "texture": "#texture", "cullface": "west"},
				"up": {"uv": [13, 13, 16, 16], "rotation": 90, "texture": "#texture", "cullface": "up"},
				"down": {"uv": [0, 16, 3, 13], "texture": "#texture", "cullface": "down"}
			}
		},
		{
			"from": [13, 0, 13],
			"to": [16, 16, 16],
			"faces": {
				"north": {"uv": [3, 16, 0, 0], "rotation": 180, "texture": "#texture"},
				"east": {"uv": [0, 16, 16, 13], "rotation": 270, "texture": "#texture", "cullface": "east"},
				"south": {"uv": [13, 0, 16, 16], "texture": "#texture", "cullface": "south"},
				"west": {"uv": [0, 16, 16, 13], "rotation": 90, "texture": "#texture"},
				"up": {"uv": [0, 13, 3, 16], "rotation": 270, "texture": "#texture", "cullface": "up"},
				"down": {"uv": [13, 13, 16, 16], "rotation": 270, "texture": "#texture", "cullface": "down"}
			}
		},
		{
			"from": [3, 13, 13],
			"to": [13, 16, 16],
			"faces": {
				"north": {"uv": [3, 3, 13, 0], "rotation": 180, "texture": "#texture"},
				"south": {"uv": [3, 0, 13, 3], "texture": "#texture", "cullface": "south"},
				"up": {"uv": [3, 16, 13, 13], "rotation": 180, "texture": "#texture", "cullface": "up"},
				"down": {"uv": [3, 16, 13, 13], "texture": "#texture"}
			}
		},
		{
			"from": [3, 0, 13],
			"to": [13, 3, 16],
			"faces": {
				"north": {"uv": [3, 16, 13, 13], "rotation": 180, "texture": "#texture"},
				"south": {"uv": [3, 13, 13, 16], "texture": "#texture", "cullface": "south"},
				"up": {"uv": [3, 16, 13, 13], "rotation": 180, "texture": "#texture"},
				"down": {"uv": [3, 16, 13, 13], "texture": "#texture", "cullface": "down"}
			}
		},
		{
			"from": [9, 3, 13],
			"to": [10, 6, 16],
			"faces": {
				"north": {"uv": [9, 10, 10, 13], "rotation": 180, "texture": "#texture"},
				"east": {"uv": [3, 16, 6, 13], "rotation": 270, "texture": "#texture"},
				"south": {"uv": [9, 10, 10, 13], "texture": "#texture", "cullface": "south"},
				"west": {"uv": [10, 16, 13, 13], "rotation": 90, "texture": "#texture"},
				"up": {"uv": [6, 16, 7, 13], "rotation": 180, "texture": "#texture"}
			}
		},
		{
			"from": [10, 4, 13],
			"to": [11, 11, 16],
			"faces": {
				"north": {"uv": [10, 12, 11, 5], "rotation": 180, "texture": "#texture"},
				"east": {"uv": [4, 16, 11, 13], "rotation": 270, "texture": "#texture"},
				"south": {"uv": [10, 5, 11, 12], "texture": "#texture", "cullface": "south"},
				"west": {"uv": [6, 16, 13, 13], "rotation": 90, "texture": "#texture"},
				"up": {"uv": [5, 16, 6, 13], "rotation": 180, "texture": "#texture"},
				"down": {"uv": [6, 16, 7, 13], "texture": "#texture"}
			}
		},
		{
			"from": [12, 6, 13],
			"to": [13, 11, 16],
			"faces": {
				"north": {"uv": [12, 10, 13, 5], "rotation": 180, "texture": "#texture"},
				"south": {"uv": [12, 5, 13, 10], "texture": "#texture", "cullface": "south"},
				"west": {"uv": [5, 16, 10, 13], "rotation": 90, "texture": "#texture"},
				"up": {"uv": [3, 16, 4, 13], "rotation": 180, "texture": "#texture"},
				"down": {"uv": [12, 16, 13, 13], "texture": "#texture"}
			}
		},
		{
			"from": [6, 6, 13],
			"to": [7, 12, 16],
			"faces": {
				"north": {"uv": [6, 10, 7, 4], "rotation": 180, "texture": "#texture"},
				"east": {"uv": [6, 16, 12, 13], "rotation": 270, "texture": "#texture"},
				"south": {"uv": [6, 4, 7, 10], "texture": "#texture", "cullface": "south"},
				"west": {"uv": [4, 16, 10, 13], "rotation": 90, "texture": "#texture"},
				"up": {"uv": [9, 16, 10, 13], "rotation": 180, "texture": "#texture"},
				"down": {"uv": [6, 16, 7, 13], "texture": "#texture"}
			}
		},
		{
			"from": [3, 8, 13],
			"to": [4, 10, 16],
			"faces": {
				"north": {"uv": [3, 6, 4, 8], "rotation": 180, "texture": "#texture"},
				"east": {"uv": [8, 16, 10, 13], "rotation": 270, "texture": "#texture"},
				"south": {"uv": [3, 6, 4, 8], "texture": "#texture", "cullface": "south"},
				"up": {"uv": [12, 16, 13, 13], "rotation": 180, "texture": "#texture"},
				"down": {"uv": [3, 16, 4, 13], "texture": "#texture"}
			}
		},
		{
			"from": [4, 3, 13],
			"to": [5, 7, 16],
			"faces": {
				"north": {"uv": [4, 13, 5, 9], "rotation": 180, "texture": "#texture"},
				"south": {"uv": [4, 9, 5, 13], "texture": "#texture", "cullface": "south"},
				"west": {"uv": [9, 16, 13, 13], "rotation": 90, "texture": "#texture"},
				"up": {"uv": [11, 16, 12, 13], "rotation": 180, "texture": "#texture"}
			}
		},
		{
			"from": [5, 3, 13],
			"to": [6, 8, 16],
			"faces": {
				"north": {"uv": [5, 13, 6, 8], "rotation": 180, "texture": "#texture"},
				"east": {"uv": [3, 16, 8, 13], "rotation": 270, "texture": "#texture"},
				"south": {"uv": [5, 8, 6, 13], "texture": "#texture", "cullface": "south"},
				"west": {"uv": [8, 16, 13, 13], "rotation": 90, "texture": "#texture"},
				"up": {"uv": [10, 16, 11, 13], "rotation": 180, "texture": "#texture"}
			}
		},
		{
			"from": [6, 3, 13],
			"to": [7, 4, 16],
			"faces": {
				"north": {"uv": [11, 12, 12, 13], "rotation": 180, "texture": "#texture"},
				"east": {"uv": [3, 16, 4, 13], "rotation": 270, "texture": "#texture"},
				"south": {"uv": [6, 12, 7, 13], "texture": "#texture", "cullface": "south"},
				"up": {"uv": [9, 16, 10, 13], "rotation": 180, "texture": "#texture"}
			}
		},
		{
			"from": [11, 3, 13],
			"to": [12, 4, 16],
			"faces": {
				"north": {"uv": [11, 12, 12, 13], "rotation": 180, "texture": "#texture"},
				"east": {"uv": [6, 16, 7, 13], "rotation": 270, "texture": "#texture"},
				"south": {"uv": [11, 12, 12, 13], "texture": "#texture", "cullface": "south"},
				"west": {"uv": [12, 16, 13, 13], "rotation": 90, "texture": "#texture"},
				"up": {"uv": [4, 16, 5, 13], "rotation": 180, "texture": "#texture"}
			}
		},
		{
			"from": [8, 12, 13],
			"to": [11, 13, 16],
			"faces": {
				"north": {"uv": [8, 3, 11, 4], "rotation": 180, "texture": "#texture"},
				"east": {"uv": [12, 16, 13, 13], "rotation": 270, "texture": "#texture"},
				"south": {"uv": [8, 3, 11, 4], "texture": "#texture", "cullface": "south"},
				"west": {"uv": [3, 16, 4, 13], "rotation": 90, "texture": "#texture"},
				"down": {"uv": [9, 16, 12, 13], "texture": "#texture"}
			}
		},
		{
			"from": [9, 9, 13],
			"to": [10, 12, 16],
			"faces": {
				"north": {"uv": [9, 7, 10, 4], "rotation": 180, "texture": "#texture"},
				"east": {"uv": [6, 16, 13, 13], "rotation": 270, "texture": "#texture"},
				"south": {"uv": [9, 4, 10, 7], "texture": "#texture", "cullface": "south"},
				"west": {"uv": [4, 16, 7, 13], "rotation": 90, "texture": "#texture"},
				"down": {"uv": [9, 16, 10, 13], "texture": "#texture"}
			}
		},
		{
			"from": [5, 10, 13],
			"to": [6, 13, 16],
			"faces": {
				"north": {"uv": [5, 6, 6, 3], "rotation": 180, "texture": "#texture"},
				"east": {"uv": [10, 16, 13, 13], "rotation": 270, "texture": "#texture"},
				"south": {"uv": [5, 3, 6, 6], "texture": "#texture", "cullface": "south"},
				"west": {"uv": [3, 16, 6, 13], "rotation": 90, "texture": "#texture"},
				"down": {"uv": [5, 16, 6, 13], "texture": "#texture"}
			}
		},
		{
			"from": [4, 11, 13],
			"to": [5, 13, 16],
			"faces": {
				"north": {"uv": [4, 5, 5, 3], "rotation": 180, "texture": "#texture"},
				"south": {"uv": [4, 3, 5, 5], "texture": "#texture", "cullface": "south"},
				"west": {"uv": [3, 16, 5, 13], "rotation": 90, "texture": "#texture"},
				"down": {"uv": [4, 16, 5, 13], "texture": "#texture"}
			}
		}
	]
}