{
	"ambientocclusion": false,
	"textures": {
		"particle": "block/vine",
		"vine": "block/vine"
	},
	"elements": [
		{
			"from": [0, 0, 0.8],
			"to": [16, 16, 0.8],
			"shade": false,
			"faces": {
				"north": {"uv": [4, 0, 12, 8], "texture": "#vine", "tintindex": 0},
				"east": {"uv": [0, 0, 0, 0], "texture": "#vine"},
				"south": {"uv": [4, 0, 12, 8], "texture": "#vine", "tintindex": 0}
			}
		},
		{
			"from": [0, -16, 0.8],
			"to": [16, 0, 0.8],
			"shade": false,
			"faces": {
				"north": {"uv": [4, 8, 12, 16], "texture": "#vine", "tintindex": 0},
				"east": {"uv": [0, 0, 0, 0], "texture": "#vine"},
				"south": {"uv": [4, 8, 12, 16], "texture": "#vine", "tintindex": 0}
			}
		},
		{
			"from": [15.2, 0, 0],
			"to": [15.2, 16, 16],
			"shade": false,
			"rotation": {"angle": 0, "axis": "y", "origin": [8, 0, 8]},
			"faces": {
				"north": {"uv": [0, 0, 0, 0], "texture": "#vine"},
				"east": {"uv": [4, 0, 12, 8], "texture": "#vine", "tintindex": 0},
				"west": {"uv": [4, 0, 12, 8], "texture": "#vine", "tintindex": 0}
			}
		},
		{
			"from": [15.2, -16, 0],
			"to": [15.2, 0, 16],
			"shade": false,
			"rotation": {"angle": 0, "axis": "y", "origin": [8, 0, 8]},
			"faces": {
				"north": {"uv": [0, 0, 0, 0], "texture": "#vine"},
				"east": {"uv": [4, 8, 12, 16], "texture": "#vine", "tintindex": 0},
				"west": {"uv": [4, 8, 12, 16], "texture": "#vine", "tintindex": 0}
			}
		}
	]
}