{
    "parent": "item/bow",
    "textures": {
        "layer0": "item/bow_pulling_1"
    },
    "overrides": [
        {
            "predicate": {
                "damaged": 1,
                "damage": 0.5
            },
            "model": "item/bow_pulling_1/bow_pulling_1_02"
        },
        {
            "predicate": {
                "damaged": 1,
                "damage": 0.8
            },
            "model": "item/bow_pulling_1/bow_pulling_1_03"
        },
        {
            "predicate": {
                "damaged": 1,
                "damage": 0.9
            },
            "model": "item/bow_pulling_1/bow_pulling_1_04"
        }
    ]
}