{
	"textures": {
		"all": "entity/end_crystal/end_crystal"
	},
	"elements": [
		{
			"name": "Cube",
			"from": [0, 0, 0],
			"to": [16, 16, 16],
			"faces": {
				"north": {"uv": [10, 0, 12, 4], "texture": "#all"},
				"east": {"uv": [10, 0, 12, 4], "texture": "#all"},
				"south": {"uv": [10, 0, 12, 4], "texture": "#all"},
				"west": {"uv": [10, 0, 12, 4], "texture": "#all"},
				"up": {"uv": [10, 0, 12, 4], "texture": "#all"},
				"down": {"uv": [10, 0, 12, 4], "texture": "#all"}
			}
		},
		{
			"name": "Cube",
			"from": [-2, -2, -2],
			"to": [18, 18, 18],
			"rotation": {"angle": -45, "axis": "x", "origin": [8, 8, 8]},
			"faces": {
				"north": {"uv": [2, 0, 4, 4], "texture": "#all"},
				"east": {"uv": [2, 0, 4, 4], "texture": "#all"},
				"south": {"uv": [2, 0, 4, 4], "texture": "#all"},
				"west": {"uv": [2, 0, 4, 4], "texture": "#all"},
				"up": {"uv": [2, 0, 4, 4], "texture": "#all"},
				"down": {"uv": [2, 0, 4, 4], "texture": "#all"}
			}
		},
		{
			"name": "Cube",
			"from": [-2.5, -2.5, -2.5],
			"to": [18.5, 18.5, 18.5],
			"rotation": {"angle": -45, "axis": "z", "origin": [8, 8, 8]},
			"faces": {
				"north": {"uv": [2, 0, 4, 4], "texture": "#all"},
				"east": {"uv": [2, 0, 4, 4], "texture": "#all"},
				"south": {"uv": [2, 0, 4, 4], "texture": "#all"},
				"west": {"uv": [2, 0, 4, 4], "texture": "#all"},
				"up": {"uv": [2, 0, 4, 4], "texture": "#all"},
				"down": {"uv": [2, 0, 4, 4], "texture": "#all"}
			}
		}
	],
	"display": {
		"thirdperson_righthand": {
			"rotation": [75, 315, 0],
			"translation": [0, 2.5, 0],
			"scale": [0.3, 0.3, 0.3]
		},
		"thirdperson_lefthand": {
			"rotation": [75, 315, 0],
			"translation": [0, 2.5, 0],
			"scale": [0.3, 0.3, 0.3]
		},
		"firstperson_righthand": {
			"rotation": [0, 315, 0],
			"translation": [0, 1, 1],
			"scale": [0.3, 0.3, 0.3]
		},
		"firstperson_lefthand": {
			"rotation": [0, 315, 0],
			"translation": [0, 1, 1],
			"scale": [0.3, 0.3, 0.3]
		},
		"ground": {
			"rotation": [45, 0, 45],
			"translation": [0, 4, 0],
			"scale": [0.3, 0.3, 0.3]
		},
		"gui": {
			"rotation": [45, 45, 0],
			"scale": [0.45, 0.45, 0.45]
		},
		"fixed": {
			"rotation": [45, 45, 0],
			"translation": [0, 0, -2.2],
			"scale": [0.4, 0.4, 0.4]
		}
	}
}