{
    "parent": "item/handheld_rod",
    "textures": {
        "layer0": "item/fishing_rod"
    },
    "overrides": [
        {
            "predicate": {
                "cast": 1
            },
            "model": "item/fishing_rod_cast"
        },
        {
            "predicate": {
                "damaged": 1,
                "damage": 0.5
            },
            "model": "item/fishing_rod_uncast/fishing_rod_uncast_02"
        },
        {
            "predicate": {
                "damaged": 1,
                "damage": 0.8
            },
            "model": "item/fishing_rod_uncast/fishing_rod_uncast_03"
        },
        {
            "predicate": {
                "damaged": 1,
                "damage": 0.9
            },
            "model": "item/fishing_rod_uncast/fishing_rod_uncast_04"
        },
        {
            "predicate": {
                "damaged": 1,
                "damage": 0.5,
                "cast": 1
            },
            "model": "item/fishing_rod_cast/fishing_rod_cast_02"
        },
        {
            "predicate": {
                "damaged": 1,
                "damage": 0.8,
                "cast": 1
            },
            "model": "item/fishing_rod_cast/fishing_rod_cast_03"
        },
        {
            "predicate": {
                "damaged": 1,
                "damage": 0.9,
                "cast": 1
            },
            "model": "item/fishing_rod_cast/fishing_rod_cast_04"
        }
    ]
}