{
    "blend": {
        "func": "add",
        "srcrgb": "one",
        "dstrgb": "zero"
    },
    "vertex": "fov_calc2",
    "fragment": "fov_calc2",
    "attributes": [ "Position" ],
    "samplers": [
        { "name": "DiffuseSampler" }
    ],
    "uniforms": [
        { "name": "InSize",       "type": "float",     "count": 2,  "values": [ 1.0, 1.0 ] },
        { "name": "OutSize",      "type": "float",     "count": 2,  "values": [ 1.0, 1.0 ] },
        { "name": "Tolerance",    "type": "float",     "count": 1,  "values": [ 1.0 ] }
    ]
}
